Name,Gender,Email,Age,Registration Year,Country,City,Username,domains
Hernán Gaytán,male,hernan.gaytan@example.com,50,2005,Mexico,Napateco,bluebird459,example.com
Jessica Indahl,female,jessica.indahl@example.com,31,2016,Norway,Helgeroa,beautifulswan645,example.com
دانیال احمدی,male,dnyl.hmdy@example.com,41,2006,Iran,قزوین,crazyfrog768,example.com
Freja Thomsen,female,freja.thomsen@example.com,77,2005,Denmark,Jerslev Sj,organictiger270,example.com
Caleb Marshall,male,caleb.marshall@example.com,59,2016,United States,Ann Arbor,orangewolf473,example.com
Larry Garrett,male,larry.garrett@example.com,50,2017,Ireland,Carrickmacross,whiteostrich215,example.com
Emilie Tremblay,female,emilie.tremblay@example.com,77,2004,Canada,Radisson,tinydog868,example.com
Margarita Gallego,female,margarita.gallego@example.com,54,2004,Spain,Gijón,brownkoala852,example.com
Amy Larson,female,amy.larson@example.com,42,2013,United States,Kent,sadtiger993,example.com
Sandra Matthews,female,sandra.matthews@example.com,78,2009,Australia,Australian Capital Territory,smallgorilla222,example.com
Paige May,female,paige.may@example.com,30,2019,Ireland,Cork,organicduck937,example.com
Afanasiy Semerenko,male,afanasiy.semerenko@example.com,28,2005,Ukraine,Mena,goldenfrog850,example.com
Leo Wuollet,male,leo.wuollet@example.com,65,2006,Finland,Eura,lazyfish553,example.com
Lohit Kamath,male,lohit.kamath@example.com,46,2003,India,Burhanpur,smallleopard461,example.com
Valentin Carbajal,male,valentin.carbajal@example.com,72,2013,Mexico,San Francisco,tinyduck750,example.com
Meghana Bharanya,female,meghana.bharanya@example.com,76,2013,India,Dharmavaram,orangeduck430,example.com
Stéphanie Kros,female,stephanie.kros@example.com,28,2008,Netherlands,Eemnes,purplepeacock874,example.com
Sophie Campbell,female,sophie.campbell@example.com,26,2004,Canada,Winfield,greensnake563,example.com
Nouaman Sijm,male,nouaman.sijm@example.com,67,2003,Netherlands,Odoorn,whitebutterfly320,example.com
Alma Mortensen,female,alma.mortensen@example.com,46,2019,Denmark,Ølstykke,brownzebra736,example.com
Belinda Ramos,female,belinda.ramos@example.com,34,2013,Brazil,Macapá,happydog872,example.com
Oya Akaydın,female,oya.akaydin@example.com,32,2008,Turkey,Kars,happymeercat383,example.com
Clemente Longoria,male,clemente.longoria@example.com,67,2005,Mexico,Ciudad del Carmen,purplewolf537,example.com
Blanca Cabán,female,blanca.caban@example.com,60,2012,Mexico,Cedral,greencat885,example.com
Nadja Zeljković,female,nadja.zeljkovic@example.com,45,2018,Serbia,Preševo,purpleostrich416,example.com
Svitomir Titarchuk,male,svitomir.titarchuk@example.com,41,2019,Ukraine,Primorsk,orangepeacock161,example.com
Cassandra Ford,female,cassandra.ford@example.com,38,2004,Australia,Ballarat,whitegorilla447,example.com
Celia Montero,female,celia.montero@example.com,77,2015,Spain,Santa Cruz de Tenerife,goldenpanda708,example.com
Dragoslav Borojević,male,dragoslav.borojevic@example.com,34,2016,Serbia,Leskovac,smallfish566,example.com
Anto Haberl,male,anto.haberl@example.com,49,2021,Germany,Geretsried,happydog653,example.com
Maddison Oliver,female,maddison.oliver@example.com,78,2007,United Kingdom,Wakefield,brownostrich658,example.com
Elsa Garcia,female,elsa.garcia@example.com,38,2003,France,Saint-Pierre,smallladybug982,example.com
Matthew Curtis,male,matthew.curtis@example.com,39,2005,United Kingdom,Cambridge,brownbutterfly352,example.com
Rieuwert Van Dal,male,rieuwert.vandal@example.com,48,2017,Netherlands,Warmenhuizen,blackgorilla744,example.com
Chinmayee Saniel,female,chinmayee.saniel@example.com,50,2005,India,Chinsurah,sadelephant612,example.com
Abhijith Gatty,male,abhijith.gatty@example.com,66,2009,India,Rewa,ticklishladybug493,example.com
Luis Rodriguez,male,luis.rodriguez@example.com,34,2010,France,Dijon,goldenbear437,example.com
David Montero,male,david.montero@example.com,78,2017,Spain,Gandía,blackwolf441,example.com
Miodrag Schümann,male,miodrag.schumann@example.com,48,2009,Germany,Konstanz,purpletiger174,example.com
Natasa Boyer,female,natasa.boyer@example.com,71,2010,Switzerland,Wohlen bei Bern,bluewolf457,example.com
Volkan Çetiner,male,volkan.cetiner@example.com,81,2006,Turkey,Tokat,smallbird658,example.com
Corentin Gauthier,male,corentin.gauthier@example.com,66,2016,France,Limoges,bluesnake460,example.com
Meral Akman,female,meral.akman@example.com,71,2016,Turkey,Osmaniye,tinyelephant465,example.com
Johanan Ekkelenkamp,male,johanan.ekkelenkamp@example.com,69,2020,Netherlands,Oeffelt,ticklishkoala103,example.com
Käthe Helmke,female,kathe.helmke@example.com,59,2004,Germany,Barmstedt,organicduck999,example.com
Emma Jones,female,emma.jones@example.com,58,2006,United States,New Orleans,bigbutterfly561,example.com
Noah Christiansen,male,noah.christiansen@example.com,66,2014,Denmark,Hammel,orangebutterfly881,example.com
Millie Brown,female,millie.brown@example.com,68,2013,New Zealand,Masterton,silverswan164,example.com
محمدپارسا یاسمی,male,mhmdprs.ysmy@example.com,51,2012,Iran,مشهد,crazyzebra916,example.com
Léia Freitas,female,leia.freitas@example.com,27,2020,Brazil,Nilópolis,purplemouse127,example.com
Jonathan Hansen,male,jonathan.hansen@example.com,48,2003,Denmark,Gørløse,biglion312,example.com
محمد سهيلي راد,male,mhmd.shylyrd@example.com,80,2012,Iran,اراک,goldencat943,example.com
Helena Alfsen,female,helena.alfsen@example.com,52,2015,Norway,Kviteseid,blackzebra598,example.com
Eldar Haugnes,male,eldar.haugnes@example.com,56,2010,Norway,Mebonden,crazyelephant287,example.com
Lisa Mendoza,female,lisa.mendoza@example.com,68,2014,United Kingdom,Manchester,bluerabbit844,example.com
Isabella Noor,female,isabella.noor@example.com,42,2003,Norway,Åmot,beautifulwolf594,example.com
Storm Olsen,male,storm.olsen@example.com,40,2010,Denmark,København S,brownduck298,example.com
Naël Legrand,male,nael.legrand@example.com,71,2002,France,Fort-de-France,orangezebra149,example.com
Eliza Neal,female,eliza.neal@example.com,65,2012,United Kingdom,Southampton,happyleopard795,example.com
Prião da Conceição,male,priao.daconceicao@example.com,73,2017,Brazil,Ipatinga,goldencat852,example.com
Lloyd Graham,male,lloyd.graham@example.com,36,2019,Ireland,Dunboyne,blueelephant148,example.com
Afşar Paksüt,female,afsar.paksut@example.com,72,2008,Turkey,Burdur,bluebutterfly424,example.com
Xenia Steinle,female,xenia.steinle@example.com,71,2009,Germany,Sankt Wendel,beautifuldog574,example.com
Javier Galván,male,javier.galvan@example.com,62,2005,Mexico,Ixtlán de los Hervores,crazyelephant489,example.com
Ezra Brown,male,ezra.brown@example.com,44,2010,New Zealand,Timaru,smalltiger869,example.com
Timóteo Caldeira,male,timoteo.caldeira@example.com,70,2013,Brazil,Valinhos,bigrabbit738,example.com
Gordon Marshall,male,gordon.marshall@example.com,57,2009,Ireland,Navan,smallkoala823,example.com
Troy Crawford,male,troy.crawford@example.com,81,2011,United Kingdom,Birmingham,heavybird717,example.com
Georgia Herrera,female,georgia.herrera@example.com,25,2012,United States,Charleston,blacklion938,example.com
Anton Vučetić,male,anton.vucetic@example.com,28,2004,Serbia,Pančevo,beautifulladybug273,example.com
Samuel Ennis,male,samuel.ennis@example.com,70,2022,Canada,Killarney,ticklishcat992,example.com
Agata Ulyanickiy,female,agata.ulyanickiy@example.com,63,2012,Ukraine,Malin,ticklishsnake481,example.com
Cleusa da Cruz,female,cleusa.dacruz@example.com,36,2007,Brazil,Castanhal,bluecat811,example.com
Gonca Tazegül,female,gonca.tazegul@example.com,37,2021,Turkey,Sinop,beautifulpanda634,example.com
Jorge Luis Ibarra,male,jorgeluis.ibarra@example.com,33,2008,Mexico,Acultzingo,bigbird393,example.com
Anatole Barros,female,anatole.barros@example.com,59,2015,Brazil,João Pessoa,heavyfrog646,example.com
Patrick Kelly,male,patrick.kelly@example.com,57,2022,Ireland,Tuam,brownelephant909,example.com
Paige Hunter,female,paige.hunter@example.com,46,2006,Ireland,Mullingar,yellowlion276,example.com
Yaw Vromans,male,yaw.vromans@example.com,80,2005,Netherlands,Mensingeweer,angryswan625,example.com
Mario Bowman,male,mario.bowman@example.com,41,2002,United States,Buffalo,redbear530,example.com
Arjun Mathew,male,arjun.mathew@example.com,69,2019,India,Shahjahanpur,happyladybug487,example.com
Cédric Hekkert,male,cedric.hekkert@example.com,56,2007,Netherlands,Kijkduin,lazygorilla413,example.com
Gökhan Özdoğan,male,gokhan.ozdogan@example.com,36,2008,Turkey,Denizli,purplepeacock900,example.com
Sofie Kristensen,female,sofie.kristensen@example.com,43,2006,Denmark,Saltum,yellowostrich904,example.com
آیلین حسینی,female,aylyn.hsyny@example.com,42,2018,Iran,کرج,beautifultiger654,example.com
Cathy Silva,female,cathy.silva@example.com,75,2003,Australia,Bendigo,smallduck460,example.com
Martina Kaufhold,female,martina.kaufhold@example.com,25,2022,Germany,Osterburg (Altmark),ticklishpanda763,example.com
Lilia Holguín,female,lilia.holguin@example.com,42,2015,Mexico,Guadalupe de Rivera,happyswan604,example.com
Domoslav Bazhanskiy,male,domoslav.bazhanskiy@example.com,64,2019,Ukraine,Nova Kahovka,crazygorilla860,example.com
Willie Silva,female,willie.silva@example.com,48,2022,Australia,Albany,whitecat814,example.com
Arttu Huhta,male,arttu.huhta@example.com,75,2002,Finland,Pöytyä,crazybear199,example.com
Oliver Green,male,oliver.green@example.com,48,2005,New Zealand,Nelson,bluegoose593,example.com
Miodrag Blagojević,male,miodrag.blagojevic@example.com,38,2021,Serbia,Prizren,greenpanda831,example.com
Topias Autio,male,topias.autio@example.com,63,2017,Finland,Varkaus,blackpeacock584,example.com
Elling Buvarp,male,elling.buvarp@example.com,34,2014,Norway,Etne,redladybug419,example.com
Florence Harris,female,florence.harris@example.com,51,2015,Ireland,Cavan,goldengorilla323,example.com
Blagovist Solovey,male,blagovist.solovey@example.com,57,2015,Ukraine,Stebnik,heavybird867,example.com
Borka Dokić,female,borka.dokic@example.com,54,2013,Serbia,Vlasotince,yellowbird733,example.com
Aleksi Heikkila,male,aleksi.heikkila@example.com,61,2002,Finland,Kumlinge,bigleopard774,example.com
Buse Evliyaoğlu,female,buse.evliyaoglu@example.com,71,2021,Turkey,Yalova,heavygoose992,example.com
